Name,URL,Zone,Difficulty,Rating,Reviews
Dennison Lake Trail,https://www.alltrails.com/explore/trail/canada/british-columbia/dennison-lake?ref=result-card,"North Okanagan D, British Columbia",moderate,3.5,10
Eagle Cliffs Trail,https://www.alltrails.com/explore/trail/canada/british-columbia/eagle-cliffs-trail?ref=result-card,"North Okanagan D, British Columbia",moderate,4.0,9
Camels Hump,https://www.alltrails.com/explore/trail/canada/british-columbia/humped-camels-hump?ref=result-card,"North Okanagan D, British Columbia",moderate,4.5,4
Pinnacle Lake Trail,https://www.alltrails.com/explore/trail/canada/british-columbia/afternoon-hike?ref=result-card,"North Okanagan E, British Columbia",hard,5.0,6
Monashee Lake Trail via Monashee Creek Trail,https://www.alltrails.com/explore/trail/canada/british-columbia/monashee-lake-trail-via-monashee-creek-trail?ref=result-card,"North Okanagan E, British Columbia",hard,4.0,8
Saddle Mountain Lookout,https://www.alltrails.com/explore/trail/canada/british-columbia/saddle-mountain-lookout?ref=result-card,Monashee Mountain,hard,4.5,26
Nakusp Loop,https://www.alltrails.com/explore/trail/canada/british-columbia/around-town?ref=result-card,"Nakusp, British Columbia",easy,4.5,3
Kuskanax Creek Nakusp Hotsprings Trail,https://www.alltrails.com/explore/trail/canada/british-columbia/kuskanax-creek-nakusp-hotsprings-trail?ref=result-card,"Central Kootenay K, British Columbia",moderate,4.0,17
Summit Lake ,https://www.alltrails.com/explore/trail/canada/british-columbia/summit-lake?ref=result-card,"Central Kootenay K, British Columbia",moderate,3.0,1
Box Lake,https://www.alltrails.com/explore/trail/canada/british-columbia/box-lake?ref=result-card,"Central Kootenay K, British Columbia",easy,4.5,3
Wilson Creek Falls Trail,https://www.alltrails.com/explore/trail/canada/british-columbia/wilson-creek-falls-trail?ref=result-card,"Central Kootenay H, British Columbia",easy,4.5,27
Alps Alturas Trail,https://www.alltrails.com/explore/trail/canada/british-columbia/alps-alturas-trail?ref=result-card,"New Denver, British Columbia",hard,3.5,6
Fry Creek Canyon Trail,https://www.alltrails.com/explore/trail/canada/british-columbia/fry-creek-canyon-trail?ref=result-card,Purcell Wilderness Conservancy Provincial Park,hard,4.5,5
Twin Lakes,https://www.alltrails.com/explore/trail/canada/british-columbia/twin-lakes?ref=result-card,"North Okanagan E, British Columbia",hard,4.5,39
Mark Berger Traverse,https://www.alltrails.com/explore/trail/canada/british-columbia/mark-berger-traverse?ref=result-card,"North Okanagan E, British Columbia",hard,5.0,3
Halfway River to Hot Springs,https://www.alltrails.com/explore/trail/canada/british-columbia/halfway-hotsprings?ref=result-card,"Central Kootenay K, British Columbia",moderate,4.5,6
Kuskanax Mountain Trail,https://www.alltrails.com/explore/trail/canada/british-columbia/kuskanax-mountain?ref=result-card,"Central Kootenay K, British Columbia",hard,4.0,8
Ride On,https://www.alltrails.com/explore/trail/canada/british-columbia/ride-on?ref=result-card,"Central Kootenay K, British Columbia",moderate,4.0,1
St. Leon Hot Springs [CLOSED / PRIVATE PROPERTY],https://www.alltrails.com/explore/trail/canada/british-columbia/st-leon-hot-springs?ref=result-card,Lardeau Range,easy,4.0,17
Turn 'Er Up,https://www.alltrails.com/explore/trail/canada/british-columbia/turn-er-up?ref=result-card,"Central Kootenay K, British Columbia",moderate,4.0,1
Kimbol Lake,https://www.alltrails.com/explore/trail/canada/british-columbia/kimbol-lake?ref=result-card,"Nakusp, British Columbia",moderate,4.5,3
Jumbo Pass Trail,https://www.alltrails.com/explore/trail/canada/british-columbia/jumbo-pass-trail?ref=result-card,"Central Kootenay D, British Columbia",moderate,4.5,32
Monica Meadows Trail,https://www.alltrails.com/explore/trail/canada/british-columbia/monica-meadows-trail?ref=result-card,Monica Meadows Recreation Site,moderate,5.0,12
Jumbo Pass Trail via Panorama,https://www.alltrails.com/explore/trail/canada/british-columbia/jumbo-passtrail-via-panorama?ref=result-card,Kootenay National Park,moderate,4.5,32
Macbeth Icefield Trail,https://www.alltrails.com/explore/trail/canada/british-columbia/macbeth-icefield-trail?ref=result-card,Macbeth Icefield Recreation Site,hard,4.5,11
Valley Loop,https://www.alltrails.com/explore/trail/canada/british-columbia/valley-loop?ref=result-card,"Invermere, British Columbia",easy,4.5,59
Mount Brewer,https://www.alltrails.com/explore/trail/canada/british-columbia/mount-brewer?ref=result-card,"East Kootenay F, British Columbia",hard,5.0,7
Brewer Lake,https://www.alltrails.com/explore/trail/canada/british-columbia/brewer-lake?ref=result-card,"East Kootenay F, British Columbia",hard,4.5,12
Cox Creek Trail to Lynx Loop Trail,https://www.alltrails.com/explore/trail/canada/british-columbia/cox-creek-trail-to-lynx-loop-trail?ref=result-card,"East Kootenay G, British Columbia",moderate,3.5,19
Taynton Trail to Mount Goldie Route to Crazy Train,https://www.alltrails.com/explore/trail/canada/british-columbia/taynton-trail-to-mount-goldie-route-to-crazy-train?ref=result-card,"Invermere, British Columbia",hard,4.0,9
Mount Nelson Trail,https://www.alltrails.com/explore/trail/canada/british-columbia/mount-nelson-trail?ref=result-card,"East Kootenay F, British Columbia",hard,3.5,2
Hale Hut via Placer Trail,https://www.alltrails.com/explore/trail/canada/british-columbia/hale-hut-via-placer-trail?ref=result-card,"East Kootenay F, British Columbia",moderate,4.0,6
"Panorama Mountain Village - Summit, Elkhorn, Cox Creek, and Lynx Loop Trail",https://www.alltrails.com/explore/trail/canada/british-columbia/panorama-mountain-village-summit-elkhorn-cox-creek-and-lynx-loop-trail?ref=result-card,"East Kootenay F, British Columbia",moderate,3.5,2
Rocking Horse Trail,https://www.alltrails.com/explore/trail/canada/british-columbia/rocking-horse-trail?ref=result-card,"East Kootenay F, British Columbia",moderate,0.0,0
Hopeful Trail,https://www.alltrails.com/explore/trail/canada/british-columbia/hopeful-trail?ref=result-card,"East Kootenay F, British Columbia",hard,5.0,1
Moose Powder Trail,https://www.alltrails.com/explore/trail/canada/british-columbia/moose-powder-trail?ref=result-card,"East Kootenay F, British Columbia",hard,0.0,0
Crazy Train Trail,https://www.alltrails.com/explore/trail/canada/british-columbia/crazy-train-trail?ref=result-card,"East Kootenay F, British Columbia",hard,0.0,0
Insanity Trail,https://www.alltrails.com/explore/trail/canada/british-columbia/insanity-trail?ref=result-card,"East Kootenay F, British Columbia",hard,0.0,0
Quadzilla Trail,https://www.alltrails.com/explore/trail/canada/british-columbia/quadzilla-trail?ref=result-card,"East Kootenay F, British Columbia",hard,0.0,0
Bazooka Joe Trail,https://www.alltrails.com/explore/trail/canada/british-columbia/bazooka-joe-trail?ref=result-card,"East Kootenay F, British Columbia",moderate,0.0,0
Kingfisher Forge Snowmobile Trail,https://www.alltrails.com/explore/trail/canada/british-columbia/kingfisher-forge-snowmobile-trail-to-mara-mountain?ref=result-card,"Enderby, British Columbia",hard,4.0,2
Hidden Lake Paddle,https://www.alltrails.com/explore/trail/canada/british-columbia/hidden-lake-paddle?ref=result-card,Hidden Lake Recreation Site,easy,0.0,0
Spectrum Lake,https://www.alltrails.com/explore/trail/canada/british-columbia/spectrum-lake?ref=result-card,Monashee Provincial Park,moderate,4.5,30
Spectrum Lake to Little and Big Peters Lake,https://www.alltrails.com/explore/trail/canada/british-columbia/spectrum-lake-to-little-peters-and-big-peters-lake?ref=result-card,Monashee Provincial Park,hard,4.5,5
Big Peters Lake to Margie Lake,https://www.alltrails.com/explore/trail/canada/british-columbia/big-peters-lake-to-margie-lake?ref=result-card,Monashee Provincial Park,moderate,5.0,1
Big Peters Lake to Mount Fosthall,https://www.alltrails.com/explore/trail/canada/british-columbia/big-peters-lake-to-mount-fosthall?ref=result-card,Monashee Provincial Park,hard,4.0,3
Big Peters Lake to Fawn Lake,https://www.alltrails.com/explore/trail/canada/british-columbia/big-peters-lake-to-fawn-lake?ref=result-card,Monashee Provincial Park,moderate,5.0,1
Halfway Hot Springs,https://www.alltrails.com/explore/trail/canada/british-columbia/halfway-hot-springs?ref=result-card,"Central Kootenay K, British Columbia",easy,4.5,11
Lake of the Hanging Glacier,https://www.alltrails.com/explore/trail/canada/british-columbia/lake-of-the-hanging-glacier?ref=result-card,"East Kootenay G, British Columbia",hard,5.0,57
Welsh Lakes,https://www.alltrails.com/explore/trail/canada/british-columbia/welsh-lakes?ref=result-card,"East Kootenay G, British Columbia",moderate,4.5,25
Mount Bruce,https://www.alltrails.com/explore/trail/canada/british-columbia/mount-bruce?ref=result-card,"East Kootenay G, British Columbia",moderate,4.5,5
Welsh Creek Trail,https://www.alltrails.com/explore/trail/canada/british-columbia/welsh-creek-trail?ref=result-card,"East Kootenay G, British Columbia",moderate,4.5,3
Harlech Peak and Merioneth Peak,https://www.alltrails.com/explore/trail/canada/british-columbia/harlech-peak-and-merioneth-peak?ref=result-card,"East Kootenay G, British Columbia",hard,0.0,0
Sicamous Creek Falls Trail,https://www.alltrails.com/explore/trail/canada/british-columbia/sicamous-creek-falls-trail?ref=result-card,"Columbia-Shuswap Regional, British Columbia",easy,4.0,27
The Lizard,https://www.alltrails.com/explore/trail/canada/british-columbia/the-lizard?ref=result-card,"Sicamous, British Columbia",moderate,3.5,22
Owlhead Snowmobile Trail,https://www.alltrails.com/explore/trail/canada/british-columbia/owlhead-snowmobile-trail?ref=result-card,"Sicamous, British Columbia",hard,3.5,6
Joss Mountain Trail: Western Approach,https://www.alltrails.com/explore/trail/canada/british-columbia/joss-mountain-west-approach?ref=result-card,"North Okanagan F, British Columbia",moderate,5.0,15
Mount McCrae Lake Trail,https://www.alltrails.com/explore/trail/canada/british-columbia/mount-mccrae-lake-trail?ref=result-card,"Columbia-Shuswap B, British Columbia",moderate,4.5,15
Sutherland Falls,https://www.alltrails.com/explore/trail/canada/british-columbia/sutherland-falls--2?ref=result-card,Blanket Creek Provincial Park,easy,4.5,6
Forestry Road to Akolkolex Falls,https://www.alltrails.com/explore/trail/canada/british-columbia/forestry-road-to-akolkolex-falls?ref=result-card,"Revelstoke, British Columbia",moderate,3.0,2
Kain Hut Trail to Applebee Campground,https://www.alltrails.com/explore/trail/canada/british-columbia/kain-hut-trail-to-applebee-campground?ref=result-card,Bugaboo Provincial Park,hard,5.0,84
Cobalt Lake Trail,https://www.alltrails.com/explore/trail/canada/british-columbia/cobalt-lake-trail--2?ref=result-card,Bugaboo Provincial Park,hard,4.0,5
Chalice Creek Trail,https://www.alltrails.com/explore/trail/canada/british-columbia/chalice-creek-trail?ref=result-card,Bugaboo Provincial Park,moderate,0.0,0
Brisco Falls,https://www.alltrails.com/explore/trail/canada/british-columbia/brisco-falls?ref=result-card,"Radium Hot Springs, British Columbia",easy,4.5,50
Buster Lake,https://www.alltrails.com/explore/trail/canada/british-columbia/buster-lake?ref=result-card,"East Kootenay G, British Columbia",moderate,4.5,13
Templeton Lake,https://www.alltrails.com/explore/trail/canada/british-columbia/templeton-lake?ref=result-card,"East Kootenay G, British Columbia",moderate,5.0,12
McLean Lake,https://www.alltrails.com/explore/trail/canada/british-columbia/mclean-lake?ref=result-card,"East Kootenay G, British Columbia",hard,4.5,6
Cartwright Lake Loop,https://www.alltrails.com/explore/trail/canada/british-columbia/cartwright-lake-loop?ref=result-card,Cartwright Lake Recreation Site,easy,2.0,1
Yard Creek Provincial Park Loop,https://www.alltrails.com/explore/trail/canada/british-columbia/yard-creek-provincial-park-loop?ref=result-card,Yard Creek Provincial Park,easy,3.5,11
Eagle River Nature Trail,https://www.alltrails.com/explore/trail/canada/british-columbia/eagle-river-nature-trail?ref=result-card,Yard Creek Provincial Park,easy,3.5,13
Kay Falls,https://www.alltrails.com/explore/trail/canada/british-columbia/kay-falls--2?ref=result-card,"Columbia-Shuswap Regional, British Columbia",easy,5.0,5
Gorge Creek Falls,https://www.alltrails.com/explore/trail/canada/british-columbia/gorge-creek?ref=result-card,"Sicamous, British Columbia",easy,4.0,5
Eagle River Paddle,https://www.alltrails.com/explore/trail/canada/british-columbia/eagle-river-paddle?ref=result-card,"Sicamous, British Columbia",moderate,5.0,1
Eagle Pass Snowmobile Trail,https://www.alltrails.com/explore/trail/canada/british-columbia/eagle-pass-snowmobile-trail?ref=result-card,"Sicamous, British Columbia",hard,4.0,1
Begbie Falls via Bluff Trail ,https://www.alltrails.com/explore/trail/canada/british-columbia/begbie-falls?ref=result-card,Begbie Falls Recreation Site,moderate,4.5,91
Mount Begbie Trail,https://www.alltrails.com/explore/trail/canada/british-columbia/mount-begbie-trail?ref=result-card,Mount Revelstoke National Park,hard,4.5,41
Eagle Mountain Pass Trail,https://www.alltrails.com/explore/trail/canada/british-columbia/eagle-mountain-pass?ref=result-card,"Columbia-Shuswap Regional, British Columbia",hard,5.0,50
Summit Trail,https://www.alltrails.com/explore/trail/canada/british-columbia/summit-trail--2?ref=result-card,Mount Revelstoke National Park,hard,4.5,36
Boulder Mountain Lookout,https://www.alltrails.com/explore/trail/canada/british-columbia/boulder-mountain-lookout?ref=result-card,"Revelstoke, British Columbia",easy,4.0,46
Inspiration Woods Trail,https://www.alltrails.com/explore/trail/canada/british-columbia/inspiration-woods-trail--2?ref=result-card,Mount Revelstoke National Park,moderate,4.0,35
Sorenson Trail Loop,https://www.alltrails.com/explore/trail/canada/british-columbia/sorenson-trail?ref=result-card,Mount Revelstoke National Park,moderate,4.0,26
Begbie Falls via Begbie Falls Forest Service Road,https://www.alltrails.com/explore/trail/canada/british-columbia/begbie-falls-via-begbie-falls-forest-service-road?ref=result-card,Begbie Falls Recreation Site,easy,4.0,22
Mount Macpherson,https://www.alltrails.com/explore/trail/canada/british-columbia/mount-macpperson?ref=result-card,"Columbia-Shuswap Regional, British Columbia",hard,4.5,7
Hemlock Groove Loop,https://www.alltrails.com/explore/trail/canada/british-columbia/hemlock-groove-loop?ref=result-card,Begbie Falls Recreation Site,moderate,4.5,8
Flowdown Trail,https://www.alltrails.com/explore/trail/canada/british-columbia/flowdown-trail?ref=result-card,Mount Revelstoke National Park,moderate,4.5,16
Jordan River Trail,https://www.alltrails.com/explore/trail/canada/british-columbia/jordan-river-trail?ref=result-card,"Revelstoke, British Columbia",easy,4.0,11
Lindmark Trail,https://www.alltrails.com/explore/trail/canada/british-columbia/lindmark-trail?ref=result-card,Mount Revelstoke National Park,hard,4.0,20
Greenbelt Pathway,https://www.alltrails.com/explore/trail/canada/british-columbia/greenbelt-pathway?ref=result-card,"Revelstoke, British Columbia",easy,4.0,20
Frisbee Ridge Trail,https://www.alltrails.com/explore/trail/canada/british-columbia/frisbee-ridge?ref=result-card,"Columbia-Shuswap B, British Columbia",moderate,4.0,1
Nels Nelsen Trail,https://www.alltrails.com/explore/trail/canada/british-columbia/nels-nelsen-trail?ref=result-card,Mount Revelstoke National Park,moderate,4.5,8
Tantrum and Flowdown Trail Loop,https://www.alltrails.com/explore/trail/canada/british-columbia/tantrum-and-flowdown-trail-loop?ref=result-card,"Revelstoke, British Columbia",hard,4.5,3
Eagle Pass Lookout and Twin Lakes,https://www.alltrails.com/explore/trail/canada/british-columbia/eagle-mountain-lookout-and-twin-lakes?ref=result-card,"Columbia-Shuswap Regional, British Columbia",hard,4.5,2
Eva Lake and Miller Lake Trail,https://www.alltrails.com/explore/trail/canada/british-columbia/eva-lake-and-miller-lake-trail?ref=result-card,Mount Revelstoke National Park,moderate,4.5,165
Upper Summit Trail,https://www.alltrails.com/explore/trail/canada/british-columbia/upper-summit-trail?ref=result-card,Mount Revelstoke National Park,moderate,4.0,36
Jade Lakes Trail via Miller Lake Trail,https://www.alltrails.com/explore/trail/canada/british-columbia/jade-lakes-trail-via-miller-lake-trail?ref=result-card,Mount Revelstoke National Park,moderate,5.0,20
Broken Bridge Trail,https://www.alltrails.com/explore/trail/canada/british-columbia/broken-bridge-trail--2?ref=result-card,Mount Revelstoke National Park,easy,4.0,64
Stoke Sub Peak,https://www.alltrails.com/explore/trail/canada/british-columbia/sub-peak?ref=result-card,"Revelstoke, British Columbia",hard,5.0,6
First Footsteps Trail,https://www.alltrails.com/explore/trail/canada/british-columbia/first-footsteps-trail?ref=result-card,Mount Revelstoke National Park,easy,4.0,29
Stoke Climb Trail,https://www.alltrails.com/explore/trail/canada/british-columbia/stoke-climb-trail?ref=result-card,"Revelstoke, British Columbia",moderate,4.5,18
Mount Cartier Trail,https://www.alltrails.com/explore/trail/canada/british-columbia/mount-cartier-trail?ref=result-card,"Columbia-Shuswap B, British Columbia",moderate,4.5,12
Bottoms Up Climb and Take It Easy Loop,https://www.alltrails.com/explore/trail/canada/british-columbia/bottoms-up-climb-and-take-it-easy-loop?ref=result-card,"Revelstoke, British Columbia",moderate,4.5,10
Begbie Falls,https://www.alltrails.com/explore/trail/canada/british-columbia/begbie-falls-short-hike?ref=result-card,"Revelstoke, British Columbia",easy,4.5,7
Mount Cartier Peak Trail,https://www.alltrails.com/explore/trail/canada/british-columbia/mount-cartier-peak-trail?ref=result-card,"Revelstoke, British Columbia",hard,4.5,7
Lower Bugaboo Falls,https://www.alltrails.com/explore/trail/canada/british-columbia/lower-bugaboo-falls?ref=result-card,"East Kootenay G, British Columbia",easy,4.5,163
Diana Lake,https://www.alltrails.com/explore/trail/canada/british-columbia/diana-lake--2?ref=result-card,"East Kootenay G, British Columbia",moderate,4.0,34
The Judge Route,https://www.alltrails.com/explore/trail/canada/british-columbia/the-judge-route?ref=result-card,"East Kootenay G, British Columbia",moderate,5.0,2
Hueco Wall and Red Slab Trails,https://www.alltrails.com/explore/trail/canada/british-columbia/hueco-wall-and-red-slab-trails?ref=result-card,"East Kootenay G, British Columbia",moderate,4.0,1
Quinn Peak,https://www.alltrails.com/explore/trail/canada/british-columbia/quinn-peak?ref=result-card,"Columbia-Shuswap A, British Columbia",hard,5.0,1
Hunakwa Lake Trail,https://www.alltrails.com/explore/trail/canada/british-columbia/hunakwa-lake-trail?ref=result-card,Anstey Hunakwa Provincial Park,easy,5.0,4
Giant Cedars Boardwalk Trail,https://www.alltrails.com/explore/trail/canada/british-columbia/giant-cedars-trail?ref=result-card,Mount Revelstoke National Park,easy,4.5,169
Skunk Cabbage Trail [CLOSED],https://www.alltrails.com/explore/trail/canada/british-columbia/skunk-cabbage-trail?ref=result-card,Mount Revelstoke National Park,easy,3.5,48
Hemlock Grove Boardwalk,https://www.alltrails.com/explore/trail/canada/british-columbia/hemlock-grove-boardwalk?ref=result-card,Glacier National Park,easy,4.0,57
Rockgarden Trail,https://www.alltrails.com/explore/trail/canada/british-columbia/rockgarden-trail?ref=result-card,Glacier National Park,easy,4.0,41
Great Glacier Trail to Glacier Crest Loop,https://www.alltrails.com/explore/trail/canada/british-columbia/great-glacier-to-glacier-crest-loop?ref=result-card,"Columbia-Shuswap A, British Columbia",moderate,5.0,9
Loop Brook Trail,https://www.alltrails.com/explore/trail/canada/british-columbia/loop-brook-trail?ref=result-card,Glacier National Park,easy,4.5,26
Bostock Creek Trail [CLOSED],https://www.alltrails.com/explore/trail/canada/british-columbia/bostock-creek-trail?ref=result-card,Glacier National Park,moderate,4.5,3
Mount Hunter Lookout Trail,https://www.alltrails.com/explore/trail/canada/british-columbia/mount-hunter-lookout-trail?ref=result-card,Yoho National Park,hard,4.0,37
Canyon Creek South,https://www.alltrails.com/explore/trail/canada/british-columbia/canyon-creek-south?ref=result-card,Moonraker Trails Recreation Site,moderate,4.0,22
Wapiti Ridge (#25),https://www.alltrails.com/explore/trail/canada/british-columbia/wapiti-ridge-25?ref=result-card,Moonraker Trails Recreation Site,moderate,3.5,6
Canyon Creek #30,https://www.alltrails.com/explore/trail/canada/british-columbia/canyon-creek-30?ref=result-card,Moonraker Trails Recreation Site,moderate,4.5,5
North Star,https://www.alltrails.com/explore/trail/canada/british-columbia/north-star-16?ref=result-card,Moonraker Trails Recreation Site,moderate,4.5,4
2% and Ptarmigan Trot Loop,https://www.alltrails.com/explore/trail/canada/british-columbia/2-and-ptarmigan-trot-loop?ref=result-card,Moonraker Trails Recreation Site,moderate,3.5,5
Klahowya Trail,https://www.alltrails.com/explore/trail/canada/british-columbia/klahowya-27?ref=result-card,Moonraker Trails Recreation Site,moderate,4.0,1
Tower Road (#22),https://www.alltrails.com/explore/trail/canada/british-columbia/tower-road-22?ref=result-card,Moonraker Trails Recreation Site,easy,2.0,1
Tonight Tequila Trail,https://www.alltrails.com/explore/trail/canada/british-columbia/tonight-tequila-13?ref=result-card,Moonraker Trails Recreation Site,moderate,0.0,0
Ptarmigan Trot,https://www.alltrails.com/explore/trail/canada/british-columbia/ptarmigan-trot?ref=result-card,Moonraker Trails Recreation Site,easy,4.0,1
Rockabout Loop,https://www.alltrails.com/explore/trail/canada/british-columbia/rockabout-loop?ref=result-card,"Columbia-Shuswap A, British Columbia",moderate,4.0,2
Vilcsak Loop,https://www.alltrails.com/explore/trail/canada/british-columbia/vilcsak-loop?ref=result-card,"Columbia-Shuswap A, British Columbia",moderate,5.0,1
Bear Claw Trail,https://www.alltrails.com/explore/trail/canada/british-columbia/bear-claw-trail?ref=result-card,Moonraker Trails Recreation Site,easy,0.0,0
Wapta Falls,https://www.alltrails.com/explore/trail/canada/british-columbia/wapta-falls?ref=result-card,Yoho National Park,easy,4.5,656
Hoodoo Creek Trail,https://www.alltrails.com/explore/trail/canada/british-columbia/hoodoo-creek-trail?ref=result-card,Yoho National Park,moderate,4.5,59
Wapta Falls Loop South,https://www.alltrails.com/explore/trail/canada/british-columbia/wapta-falls-loop-south?ref=result-card,Yoho National Park,easy,4.5,6
Great Divide Trail to 2500 Peak,https://www.alltrails.com/explore/trail/canada/british-columbia/great-divide-trail-to-2500-peak?ref=result-card,Kootenay National Park,hard,5.0,2
Seymour River Falls,https://www.alltrails.com/explore/trail/canada/british-columbia/seymour-river-falls?ref=result-card,Seymour River Falls Recreation Site,easy,4.5,2
Great Glacier Trail,https://www.alltrails.com/explore/trail/canada/british-columbia/great-glacier-trail?ref=result-card,Glacier National Park,moderate,4.5,203
Abbott Ridge Trail,https://www.alltrails.com/explore/trail/canada/british-columbia/abbott-ridge?ref=result-card,Glacier National Park,hard,5.0,136
Hermit Trail,https://www.alltrails.com/explore/trail/canada/british-columbia/hermit-trail?ref=result-card,Glacier National Park,hard,4.5,116
Bear Creek Falls,https://www.alltrails.com/explore/trail/canada/british-columbia/bear-creek-falls?ref=result-card,Glacier National Park,easy,4.5,101
Asulkan Valley Trail,https://www.alltrails.com/explore/trail/canada/british-columbia/asulkan-valley-trail?ref=result-card,Glacier National Park,hard,5.0,95
Meeting of the Waters,https://www.alltrails.com/explore/trail/canada/british-columbia/meeting-of-the-waters?ref=result-card,Glacier National Park,easy,4.5,81
Perley Rock Trail,https://www.alltrails.com/explore/trail/canada/british-columbia/perley-rock-trail?ref=result-card,Glacier National Park,hard,5.0,73
Balu Pass,https://www.alltrails.com/explore/trail/canada/british-columbia/balu-pass?ref=result-card,Glacier National Park,moderate,4.5,36
Glacier Crest Trail,https://www.alltrails.com/explore/trail/canada/british-columbia/glacier-crest-trail?ref=result-card,Glacier National Park,hard,5.0,29
Marion Lake Lookout via Abbott Ridge Trail,https://www.alltrails.com/explore/trail/canada/british-columbia/marion-lake-lookout-via-abbott-ridge-trail?ref=result-card,Glacier National Park,moderate,4.5,10
Avalanche Mountain Loop,https://www.alltrails.com/explore/trail/canada/british-columbia/avalanche-mountain-loop?ref=result-card,Glacier National Park,hard,4.0,5
Sir Donald Trail [CLOSED],https://www.alltrails.com/explore/trail/canada/british-columbia/sir-donald-trail?ref=result-card,Glacier National Park,hard,4.5,6
Avalanche Crest Trail,https://www.alltrails.com/explore/trail/canada/british-columbia/avalanche-crest-trail--2?ref=result-card,Glacier National Park,moderate,5.0,1
Video Peak [CLOSED],https://www.alltrails.com/explore/trail/canada/british-columbia/video-peak?ref=result-card,Glacier National Park,hard,4.0,4
Bladu Pass and Marriott Basin Trail [CLOSED],https://www.alltrails.com/explore/trail/canada/british-columbia/bladu-pass-and-marriott-basin-trail?ref=result-card,Glacier National Park,hard,5.0,1
Beaver River Trail [CLOSED],https://www.alltrails.com/explore/trail/canada/british-columbia/beaver-river-trail?ref=result-card,Glacier National Park,moderate,3.0,1
Gorman Lake Trail,https://www.alltrails.com/explore/trail/canada/british-columbia/gorman-lake-trail?ref=result-card,Gorman Lake and Trail Recreation Site,moderate,4.5,39
Terminator Peak and Terminator 2 Peak Trail,https://www.alltrails.com/explore/trail/canada/british-columbia/terminator-2-trail?ref=result-card,"Columbia-Shuswap A, British Columbia",easy,4.5,26
Quartz Lake via Quartz Creek Trail,https://www.alltrails.com/explore/trail/canada/british-columbia/quartz-creek-trail-to-quartz-lake-bc?ref=result-card,"Golden, British Columbia",moderate,4.5,3
"Classic Short (CBT Mainline, Gold Rush, Mighty Quin, Take it Easy (#1)",https://www.alltrails.com/explore/trail/canada/british-columbia/cbt-classic-short-cbt-mainline-gold-rush-mighty-quin-take-it-easy-1?ref=result-card,"Golden, British Columbia",moderate,4.0,11
Cedar Snag and North Star Loop,https://www.alltrails.com/explore/trail/canada/british-columbia/cedar-snag-17?ref=result-card,Moonraker Trails Recreation Site,moderate,4.0,4
Columbia Trail,https://www.alltrails.com/explore/trail/canada/british-columbia/columbia-trail?ref=result-card,Columbia Wetlands Wildlife Management Area,hard,2.0,1
Canyon Creek Loop,https://www.alltrails.com/explore/trail/canada/british-columbia/canyon-creek-loop?ref=result-card,Moonraker Trails Recreation Site,moderate,4.0,26
Table Mountain and Navvy Peak,https://www.alltrails.com/explore/trail/canada/british-columbia/table-mountain-and-navvy-peak?ref=result-card,"Golden, British Columbia",hard,4.5,23
"Moonrakers Classic Short (Arrowhead, Tonight Tequila, Tower Road, Bear Claw)",https://www.alltrails.com/explore/trail/canada/british-columbia/moonrakers-classic-short-arrowhead-tonight-tequila-tower-road-bear-claw?ref=result-card,Moonraker Trails Recreation Site,moderate,4.0,9
Frenchman's Ridge,https://www.alltrails.com/explore/trail/canada/british-columbia/frenchman-s-ridge--2?ref=result-card,"Golden, British Columbia",moderate,3.0,17
Take it Easy,https://www.alltrails.com/explore/trail/canada/british-columbia/take-it-easy?ref=result-card,Columbia Wetlands Wildlife Management Area,moderate,3.5,5
Cedar Camp Trail #15,https://www.alltrails.com/explore/trail/canada/british-columbia/cedar-camp-15?ref=result-card,Moonraker Trails Recreation Site,moderate,3.5,12
Trans Canada Highway: Golden to Lake Louise,https://www.alltrails.com/explore/trail/canada/british-columbia/trans-canada-highway-golden-to-lake-louise?ref=result-card,Yoho National Park,moderate,4.0,3
Kobe's MTB Loop,https://www.alltrails.com/explore/trail/canada/british-columbia/kobe-s-mtb-loop?ref=result-card,"Golden, British Columbia",easy,4.0,5
"Moonrakers Kids Loop (Arrowhead, Barking Dog, Cedar Camp)",https://www.alltrails.com/explore/trail/canada/british-columbia/moonrakers-kids-loop-arrowhead-barking-dog-cedar-camp?ref=result-card,Moonraker Trails Recreation Site,moderate,4.0,7
Cedar Camp to Barking Dog and Better than Boston,https://www.alltrails.com/explore/trail/canada/british-columbia/cedar-camp-to-barking-dog-and-better-than-boston?ref=result-card,Moonraker Trails Recreation Site,moderate,4.0,3
Arrowhead (#12),https://www.alltrails.com/explore/trail/canada/british-columbia/arrowhead-12?ref=result-card,Moonraker Trails Recreation Site,moderate,4.0,4
Moonrakers Classic: Medium Route,https://www.alltrails.com/explore/trail/canada/british-columbia/moonrakers-classic-medium-arrowhead-bear-claw-better-than-boston-barking-dog?ref=result-card,Moonraker Trails Recreation Site,moderate,3.0,2
Rotary Reflection Lake Loop,https://www.alltrails.com/explore/trail/canada/british-columbia/rotary-reflection-lake-loop?ref=result-card,Keith King Memorial Park,moderate,5.0,4
Mount 7 Summit,https://www.alltrails.com/explore/trail/canada/british-columbia/mount-7-summit--2?ref=result-card,Mount 7 North Ridge Recreation Site,hard,4.0,1
Canyon Creek Trail,https://www.alltrails.com/explore/trail/canada/british-columbia/canyon-creek-trail?ref=result-card,Moonraker Trails Recreation Site,moderate,0.0,0
Lake Agnes Trail,https://www.alltrails.com/explore/trail/canada/alberta/lake-agnes-trail?ref=result-card,Banff National Park,moderate,4.5,2507
Plain of the Six Glaciers Trail,https://www.alltrails.com/explore/trail/canada/alberta/plain-of-the-six-glaciers-trail?ref=result-card,Banff National Park,moderate,4.5,1613
The Big Beehive Trail,https://www.alltrails.com/explore/trail/canada/alberta/the-big-beehive-trail?ref=result-card,Banff National Park,hard,4.5,991
Devils Thumb Via Lake Agnes Trail,https://www.alltrails.com/explore/trail/canada/alberta/devils-thumb-via-lake-agnes-trail?ref=result-card,Banff National Park,hard,5.0,790
Lake Louise Lakefront Trail,https://www.alltrails.com/explore/trail/canada/alberta/lake-louise-lakefront-trail?ref=result-card,Banff National Park,easy,4.5,829
Emerald Lake Trail,https://www.alltrails.com/explore/trail/canada/british-columbia/emerald-lake-trail?ref=result-card,Yoho National Park,moderate,4.5,490
Little Beehive via Lake Agnes Trail,https://www.alltrails.com/explore/trail/canada/alberta/little-beehive-via-lake-agnes-trail?ref=result-card,Banff National Park,moderate,4.5,505
Beehive Circuit Trail,https://www.alltrails.com/explore/trail/canada/alberta/beehive-circuit-trail?ref=result-card,Banff National Park,moderate,4.5,311
Lake Agnes Trail to Plain of Six Glaciers Trail Loop,https://www.alltrails.com/explore/trail/canada/alberta/lake-agnes-trail-to-plain-of-six-glaciers-trail-loop?ref=result-card,Banff National Park,moderate,4.5,449
Paradise Valley to Fairview Mountain Trail,https://www.alltrails.com/explore/trail/canada/alberta/paradise-valley-to-fairview-mountain-trail?ref=result-card,Banff National Park,hard,4.5,278
Lake O'Hara and Lake Oesa Via Alpine Loop Trail,https://www.alltrails.com/explore/trail/canada/british-columbia/lake-ohara-and-lake-oesa-via-alpine-loop-trail?ref=result-card,Yoho National Park,moderate,5.0,98
Emerald Lake Loop,https://www.alltrails.com/explore/trail/canada/british-columbia/emerald-lake-loop?ref=result-card,Yoho National Park,easy,4.5,361
Mount St. Piran,https://www.alltrails.com/explore/trail/canada/alberta/mount-st-piran?ref=result-card,Banff National Park,hard,4.5,230
The Teahouses Trail,https://www.alltrails.com/explore/trail/canada/alberta/teahouse-to-teahouse--2?ref=result-card,Banff National Park,moderate,4.5,111
Lake O'Hara Alpine Circuit,https://www.alltrails.com/explore/trail/canada/british-columbia/lake-ohara-alpine-circuit?ref=result-card,Yoho National Park,moderate,5.0,73
Fairview Lookout,https://www.alltrails.com/explore/trail/canada/alberta/fairview-lookout?ref=result-card,Banff National Park,moderate,4.5,399
"Teahouses via Plain of Six Glaciers, Highline, Big Beehive, and Lake Agnes Trails",https://www.alltrails.com/explore/trail/canada/alberta/teahouses-via-plain-of-six-glaciers-highline-big-beehive-and-lake-agnes-trails?ref=result-card,Banff National Park,hard,4.5,134
Paget Peak,https://www.alltrails.com/explore/trail/canada/british-columbia/paget-peak?ref=result-card,Yoho National Park,hard,4.5,172
Sherbrooke Lake,https://www.alltrails.com/explore/trail/canada/british-columbia/sherbrooke-lake?ref=result-card,Yoho National Park,easy,4.5,156
Lake O'Hara Shoreline Trail,https://www.alltrails.com/explore/trail/canada/british-columbia/lake-ohara-shoreline-trail?ref=result-card,Yoho National Park,moderate,5.0,52
Fairview Mountain Summit,https://www.alltrails.com/explore/trail/canada/alberta/fairview-mountain-summit--3?ref=result-card,Banff National Park,hard,5.0,87
Plain of Six Glaciers and the Beehive,https://www.alltrails.com/explore/trail/canada/alberta/plain-of-six-glaciers-the-beehive?ref=result-card,Banff National Park,hard,4.5,132
Swiss Tea House and Big Beehive via Lake Louise,https://www.alltrails.com/explore/trail/canada/alberta/swiss-tea-house-big-beehive-via-lake-louise?ref=result-card,Banff National Park,moderate,5.0,67
Saddle Mountain Via Paradise Valley Trail,https://www.alltrails.com/explore/trail/canada/alberta/saddle-mountain-via-paradise-valley-trail?ref=result-card,Banff National Park,moderate,4.5,80
Icefields Parkway Scenic Drive,https://www.alltrails.com/explore/trail/canada/alberta/icefields-parkway-trail?ref=result-card,Banff National Park,easy,5.0,50
Emerald Triangle,https://www.alltrails.com/explore/trail/canada/british-columbia/emerald-triangle?ref=result-card,Yoho National Park,hard,4.5,77
Lake O'Hara Alpine Route and Opabin Lakes,https://www.alltrails.com/explore/trail/canada/british-columbia/lake-ohara-alpine-route-and-opabin-lakes?ref=result-card,Yoho National Park,hard,5.0,20
Lake Oesa Trail,https://www.alltrails.com/explore/trail/canada/british-columbia/lake-oesa-trail?ref=result-card,Yoho National Park,moderate,5.0,19
Lake McArthur and Big Larches Loop Trail,https://www.alltrails.com/explore/trail/canada/british-columbia/lake-mcarthur-big-larches-loop?ref=result-card,Yoho National Park,easy,4.5,31
Paget Lookout and Sherbrooke Lake,https://www.alltrails.com/explore/trail/canada/british-columbia/paget-lookout-and-sherbrooke-lake?ref=result-card,Yoho National Park,moderate,4.5,71
Lake O'Hara Alpine Trail,https://www.alltrails.com/explore/trail/canada/british-columbia/lake-ohara-alpine-trial?ref=result-card,Yoho National Park,hard,5.0,13
Lake O'Hara Fire Road,https://www.alltrails.com/explore/trail/canada/british-columbia/lake-ohara-fire-road?ref=result-card,Yoho National Park,moderate,4.5,126
Emerald Peak Loop,https://www.alltrails.com/explore/trail/canada/british-columbia/emerald-peak-loop--3?ref=result-card,Yoho National Park,hard,4.5,32
Mount Saint Piran Loop Trail,https://www.alltrails.com/explore/trail/canada/alberta/mount-saint-piran-loop-trail?ref=result-card,Banff National Park,hard,4.5,41
Lake Oesa and Lake O'Hara,https://www.alltrails.com/explore/trail/canada/british-columbia/hike-from-lake-ohara-to-lake-oesa?ref=result-card,Yoho National Park,moderate,5.0,50
A Walk in the Past,https://www.alltrails.com/explore/trail/canada/british-columbia/a-walk-in-the-past?ref=result-card,Yoho National Park,easy,4.0,40
Mount Niles and Niles Meadows,https://www.alltrails.com/explore/trail/canada/british-columbia/niles-meadows?ref=result-card,Yoho National Park,hard,4.5,39
East and West Opabin Lake Loop,https://www.alltrails.com/explore/trail/canada/british-columbia/east-and-west-opabin-lake-loop?ref=result-card,Yoho National Park,moderate,5.0,24
Devil's Thumb to The Big Beehive,https://www.alltrails.com/explore/trail/canada/alberta/devil-s-thumb-to-the-big-beehive?ref=result-card,"Lake Louise, Alberta",hard,5.0,9
Abbott Pass Hut and Lake Oesa,https://www.alltrails.com/explore/trail/canada/british-columbia/abbott-pass-hut-and-lake-oesa?ref=result-card,Yoho National Park,hard,5.0,10
Opabin Plateau and Lake O'Hara,https://www.alltrails.com/explore/trail/canada/british-columbia/opabin-plateau-and-lake-ohara?ref=result-card,Yoho National Park,moderate,5.0,23
Emerald Lake to Takakkaw Falls,https://www.alltrails.com/explore/trail/canada/british-columbia/emerald-lake-to-takakkaw-falls?ref=result-card,Yoho National Park,moderate,5.0,18
"Lake O'Hara, Schaffer Lake, McArthur Lake and Odaray Grandview",https://www.alltrails.com/explore/trail/canada/british-columbia/lake-ohara-schaffer-lake-mcarthur-lake-and-odaray-grandview?ref=result-card,Yoho National Park,moderate,5.0,12
Mount Stephen Quarry,https://www.alltrails.com/explore/trail/canada/british-columbia/mount-stephen-quarry?ref=result-card,Yoho National Park,hard,5.0,14
"Cascade Lakes, Hungable Lake, and Opabin Lake Loop",https://www.alltrails.com/explore/trail/canada/british-columbia/cascade-lakes-hungable-lake-and-opabin-lake-loop?ref=result-card,Yoho National Park,moderate,4.5,5
Hamilton Lake Trail,https://www.alltrails.com/explore/trail/canada/british-columbia/hamilton-lake-trail?ref=result-card,Yoho National Park,hard,4.0,50
Paradise Valley to Moraine Lake,https://www.alltrails.com/explore/trail/canada/alberta/paradise-valley-to-moraine-lake?ref=result-card,Yoho National Park,hard,4.5,35
Fairview Lookout and Plain of Six Glaciers Trail ,https://www.alltrails.com/explore/trail/canada/alberta/fairview-lookout-and-plain-of-six-glaciers-trail?ref=result-card,Banff National Park,moderate,4.5,34
Herbert Lake,https://www.alltrails.com/explore/trail/canada/alberta/herbert-lake?ref=result-card,Banff National Park,easy,4.0,32
Burgess Pass,https://www.alltrails.com/explore/trail/canada/british-columbia/burgess-pass?ref=result-card,Yoho National Park,hard,4.5,22
Mount Whyte and Mount Niblock,https://www.alltrails.com/explore/trail/canada/alberta/mount-whyte-and-mount-niblock?ref=result-card,Banff National Park,hard,5.0,10
The Little Beehive and Lake Louise Loop,https://www.alltrails.com/explore/trail/canada/alberta/the-little-beehive-and-lake-louise-loop?ref=result-card,Banff National Park,moderate,4.5,15
Lake Oâ€™Hara: Wiwaxy Gap and Huber Ledges to Lake Oesa,https://www.alltrails.com/explore/trail/canada/british-columbia/lake-ohara-wiwaxy-gap-and-huber-ledges-to-lake-oesa?ref=result-card,Yoho National Park,hard,5.0,9
Lake Louise to Lake Annette,https://www.alltrails.com/explore/trail/canada/alberta/lake-louise-to-lake-annette?ref=result-card,Banff National Park,moderate,4.5,10
Lake Ross Trail,https://www.alltrails.com/explore/trail/canada/alberta/lake-ross-trail?ref=result-card,Banff National Park,moderate,4.0,14
Mount Niblock and Mount Whyte,https://www.alltrails.com/explore/trail/canada/alberta/mount-niblock-and-mount-whyte--2?ref=result-card,Banff National Park,hard,5.0,12
Abbot Pass Hut via Lake O'Hara Circuit Trail,https://www.alltrails.com/explore/trail/canada/british-columbia/abbot-pass-hut-via-lake-ohara-circuit-trail?ref=result-card,Yoho National Park,hard,5.0,4
Ross Lake from Lake O'Hara Road,https://www.alltrails.com/explore/trail/canada/british-columbia/ross-lake-from-lake-ohara-road?ref=result-card,Yoho National Park,easy,4.0,21
"Lake O'Hara, Morning Glory Lakes, Cathedral Lakes, Linda Lake, Schaffer Lake, Mount Schaffer, and McArthur Lake",https://www.alltrails.com/explore/trail/canada/british-columbia/lake-ohara-morning-glory-lakes-cathedral-lakes-linda-lake-schaffer-lake-moun?ref=result-card,Yoho National Park,hard,4.5,3
Crystal Caves,https://www.alltrails.com/explore/trail/canada/british-columbia/crystal-caves?ref=result-card,Yoho National Park,moderate,5.0,2
Paradise Valley Trail to Mount Temple,https://www.alltrails.com/explore/trail/canada/alberta/paradise-valley-trail-to-mount-temple?ref=result-card,Banff National Park,hard,4.5,3
West Opbain Trail to Yukness Ledges Alpine Route,https://www.alltrails.com/explore/trail/canada/british-columbia/west-opbain-trail-to-yukness-ledges-alpine-route?ref=result-card,Yoho National Park,hard,5.0,5
Hamilton Falls,https://www.alltrails.com/explore/trail/canada/british-columbia/hamilton-falls?ref=result-card,Yoho National Park,easy,4.0,27
Schaffer Lake and McArthur Pass,https://www.alltrails.com/explore/trail/canada/british-columbia/schaffer-lake-and-mcarthur-pass?ref=result-card,Yoho National Park,hard,5.0,3
Tocher Ridge via Kicking Horse and Otterhead Trail,https://www.alltrails.com/explore/trail/canada/british-columbia/tocher-ridge-via-kicking-horse-and-otterhead-trail?ref=result-card,Yoho National Park,hard,4.0,8
Mt Yukness: South and North Summit,https://www.alltrails.com/explore/trail/canada/british-columbia/mt-yukness-south-and-north-summit?ref=result-card,Yoho National Park,hard,4.5,4
Fairview Lookout Loop,https://www.alltrails.com/explore/trail/canada/alberta/fairview-lookout-loop?ref=result-card,"Lake Louise, Alberta",easy,4.5,8
Centennial Trail,https://www.alltrails.com/explore/trail/canada/british-columbia/centennial-trail--2?ref=result-card,Yoho National Park,easy,4.0,7
Odaray Grandview,https://www.alltrails.com/explore/trail/canada/british-columbia/odaray-grandview?ref=result-card,Yoho National Park,moderate,5.0,3
Old Highway 1A,https://www.alltrails.com/explore/trail/canada/alberta/old-highway-1a?ref=result-card,Banff National Park,moderate,4.5,30
Morning Glory Lakes Loop via Linda Lake Route,https://www.alltrails.com/explore/trail/canada/british-columbia/morning-glory-lakes-loop?ref=result-card,Yoho National Park,moderate,4.5,7
Paradise Valley to Horseshoe Lake,https://www.alltrails.com/explore/trail/canada/alberta/paradise-valley-to-horseshoe-lake?ref=result-card,Banff National Park,easy,4.0,3
McArthur Lake via Alpine Meadow Trail and High Level Trail,https://www.alltrails.com/explore/trail/canada/british-columbia/mcarthur-lake-via-alpine-meadow-trail?ref=result-card,Yoho National Park,moderate,5.0,8
Lake Louise Paddle,https://www.alltrails.com/explore/trail/canada/alberta/lake-louise-paddle?ref=result-card,"Lake Louise, Alberta",moderate,5.0,3
Linda Lake Loop,https://www.alltrails.com/explore/trail/canada/british-columbia/linda-lake-loop?ref=result-card,Yoho National Park,moderate,4.5,6
Mount Carnarvon,https://www.alltrails.com/explore/trail/canada/british-columbia/mount-carnarvon-hike?ref=result-card,Yoho National Park,hard,5.0,5
Linda Lake and Cathedral Basin,https://www.alltrails.com/explore/trail/canada/british-columbia/linda-lake-and-cathedral-basin?ref=result-card,Yoho National Park,hard,4.5,3
Monica Lake Route via Cathedral Falls Route,https://www.alltrails.com/explore/trail/canada/british-columbia/monica-lake-route-via-cathedral-falls-route?ref=result-card,Yoho National Park,moderate,4.0,2
"Lake O'Hara, Moor Lakes, Hungabee Lake, and Lake Oesa",https://www.alltrails.com/explore/trail/canada/british-columbia/lake-o-hara-west-opbain-moor-lakes-hungabee-lake-and-lake-oesa?ref=result-card,Yoho National Park,hard,5.0,2
Great Divide Trail Section D: Field to North Saskatchewan River Crossing,https://www.alltrails.com/explore/trail/canada/british-columbia/gdt-section-d-field-to-north-saskatchewan-river-crossing?ref=result-card,"Columbia-Shuswap A, British Columbia",hard,5.0,1
Mount Owen Route,https://www.alltrails.com/explore/trail/canada/british-columbia/mount-owen-route?ref=result-card,Yoho National Park,hard,0.0,0
Amiskwi Pass Trail,https://www.alltrails.com/explore/trail/canada/british-columbia/amiskwi-pass-trail?ref=result-card,Yoho National Park,hard,0.0,0
Mount Owen Loop,https://www.alltrails.com/explore/trail/canada/british-columbia/mount-owen-loop?ref=result-card,Yoho National Park,hard,0.0,0
Thompson Falls,https://www.alltrails.com/explore/trail/canada/british-columbia/thompson-falls?ref=result-card,"Golden, British Columbia",moderate,4.0,37
Mummery Glacier Hike,https://www.alltrails.com/explore/trail/canada/british-columbia/mummery-glacier-hike--2?ref=result-card,"Field, British Columbia",hard,4.5,19
Takakkaw Falls Trail,https://www.alltrails.com/explore/trail/canada/british-columbia/takakkaw-falls-trail?ref=result-card,Yoho National Park,easy,4.5,398
Iceline Trail,https://www.alltrails.com/explore/trail/canada/british-columbia/iceline-trail?ref=result-card,Yoho National Park,hard,5.0,188
Takakkaw Falls and Yoho Lake Loop,https://www.alltrails.com/explore/trail/canada/british-columbia/takakkaw-falls-and-yoho-lake-loop?ref=result-card,Yoho National Park,moderate,4.5,122
"Iceline, Little Yoho Valley and Yoho Valley Trail Loop ",https://www.alltrails.com/explore/trail/canada/british-columbia/iceline-little-yoho-valley-and-yoho-valley-trail-loop?ref=result-card,Yoho National Park,hard,5.0,132
Yoho Valley Trail and Twin Falls Trail,https://www.alltrails.com/explore/trail/canada/british-columbia/twin-falls-yoho-national-park?ref=result-card,Yoho National Park,hard,4.5,116
Celeste Lake via Iceline Trail,https://www.alltrails.com/explore/trail/canada/british-columbia/celeste-lake-via-iceline-trail?ref=result-card,Yoho National Park,moderate,4.5,123
Hector Lake Trail,https://www.alltrails.com/explore/trail/canada/alberta/hector-lake-trail?ref=result-card,Banff National Park,easy,4.0,67
Bow Peak Trail,https://www.alltrails.com/explore/trail/canada/alberta/bow-peak-trail?ref=result-card,Banff National Park,hard,4.5,43
Angel's Staircase and Point Lace Falls,https://www.alltrails.com/explore/trail/canada/british-columbia/angels-staircase-and-point-lace-falls?ref=result-card,Yoho National Park,easy,4.5,76
Burgess Shale and Walcott Quarry,https://www.alltrails.com/explore/trail/canada/british-columbia/burgess-shale-walcott-quarry?ref=result-card,Yoho National Park,hard,5.0,24
Laughing Falls,https://www.alltrails.com/explore/trail/canada/british-columbia/laughing-falls-day-1?ref=result-card,Yoho National Park,easy,4.5,53
Hidden Lakes Trail,https://www.alltrails.com/explore/trail/canada/british-columbia/hidden-lakes-trail?ref=result-card,Yoho National Park,moderate,4.0,35
Fish Lakes via North Molar Pass Trail,https://www.alltrails.com/explore/trail/canada/alberta/north-molar-pass-to-fish-lakes?ref=result-card,Banff National Park,hard,4.5,31
Molar Pass Loop,https://www.alltrails.com/explore/trail/canada/alberta/molar-pass-loop?ref=result-card,Banff National Park,hard,4.0,31
Twin Falls and Whaleback Trail,https://www.alltrails.com/explore/trail/canada/british-columbia/twin-falls-and-whaleback-trail?ref=result-card,"Columbia-Shuswap A, British Columbia",moderate,5.0,20
Mount Little Hector,https://www.alltrails.com/explore/trail/canada/alberta/mount-little-hector?ref=result-card,Banff National Park,hard,4.5,20
Noseeum Peak Trail,https://www.alltrails.com/explore/trail/canada/alberta/noseeum-peak-trail?ref=result-card,Banff National Park,hard,4.5,12
Mosquito Creek,https://www.alltrails.com/explore/trail/canada/alberta/creek-trail-to-camp-mosquito-creek?ref=result-card,Banff National Park,moderate,4.5,28
Yoho Lake to Whiskey Jack Falls via Highline Trail,https://www.alltrails.com/explore/trail/canada/british-columbia/yoho-lake-to-whiskey-jack-falls-via-highline-trail?ref=result-card,Yoho National Park,moderate,4.0,11
Twin Falls to Twin Falls Chalet,https://www.alltrails.com/explore/trail/canada/british-columbia/twin-falls-to-twin-falls-chalet?ref=result-card,Yoho National Park,moderate,4.5,12
Molar Creek Campground via Molar Pass Route,https://www.alltrails.com/explore/trail/canada/alberta/molar-creek-campground-via-molar-pass-route?ref=result-card,Banff National Park,hard,4.5,10
Twin Falls Trail and Little Yoho Valley Trail,https://www.alltrails.com/explore/trail/canada/british-columbia/twin-falls-trail-and-little-yoho-valley-trail?ref=result-card,Yoho National Park,moderate,5.0,5
"Mosquito Creek, Quartzite Col, and Fish Lakes Loop",https://www.alltrails.com/explore/trail/canada/alberta/mosquito-creek-quartzite-col-fish-lakes-loop?ref=result-card,Banff National Park,hard,5.0,1
Little Hector and Mount Andromache,https://www.alltrails.com/explore/trail/canada/alberta/little-hector-and-mount-andromache?ref=result-card,Banff National Park,hard,4.0,5
Noseeum Creek,https://www.alltrails.com/explore/trail/canada/alberta/noseeum-creek?ref=result-card,Banff National Park,hard,5.0,5
Yoho Glacier Trail,https://www.alltrails.com/explore/trail/canada/british-columbia/yoho-glacier-trail?ref=result-card,"Field, British Columbia",moderate,4.5,5
"Mosquito Creek, Devon Lakes, Katherine Lake and Mosquito Creek",https://www.alltrails.com/explore/trail/canada/alberta/fish-devon-katherine-ox-mosquito?ref=result-card,Banff National Park,hard,4.5,3
Fish Lakes and Moose Lake via Devon Lakes Route,https://www.alltrails.com/explore/trail/canada/alberta/fish-lakes-and-moose-lake-via-devon-lakes-route?ref=result-card,Banff National Park,moderate,5.0,1
Kiwetinok Lake from Stanley Mitchell Hut,https://www.alltrails.com/explore/trail/canada/british-columbia/kiwetinok-lake-from-stanley-mitchell-hut?ref=result-card,Yoho National Park,hard,5.0,2
Dolomite Ski Circuit,https://www.alltrails.com/explore/trail/canada/alberta/dolomite-peak-ski-circuit?ref=result-card,Banff National Park,hard,4.5,3
Mount Hector,https://www.alltrails.com/explore/trail/canada/alberta/mount-hector?ref=result-card,Banff National Park,hard,4.0,2
"Laughing Falls, Twin Falls and Whaleback Loop",https://www.alltrails.com/explore/trail/canada/british-columbia/laughing-falls-twin-falls-and-whaleback-loop?ref=result-card,Yoho National Park,hard,5.0,1
Kiwetinok Peak,https://www.alltrails.com/explore/trail/canada/british-columbia/kiwetinok-peak?ref=result-card,Yoho National Park,hard,0.0,0
Fish Lakes Ridge Loop,https://www.alltrails.com/explore/trail/canada/alberta/fish-lakes-ridge-loop?ref=result-card,Banff National Park,moderate,0.0,0
Mount Kerr from Stanley Mitchell Hut,https://www.alltrails.com/explore/trail/canada/british-columbia/mount-kerr-from-stanley-mitchell-hut?ref=result-card,Yoho National Park,hard,4.5,2
"Twin Falls, Whaleback Trail, and Marpole Lake Connector Loop",https://www.alltrails.com/explore/trail/canada/british-columbia/twin-falls-whaleback-trail-and-marpole-lake-connector-loop?ref=result-card,Yoho National Park,moderate,5.0,1
Mount Andromache Trail,https://www.alltrails.com/explore/trail/canada/alberta/mount-andromache-trail?ref=result-card,"Lake Louise, Alberta",hard,5.0,1
Chephren Lake Trail,https://www.alltrails.com/explore/trail/canada/alberta/chephren-lake-trail?ref=result-card,Banff National Park,moderate,4.0,128
Upper Waterfowl Lake,https://www.alltrails.com/explore/trail/canada/alberta/upper-waterfowl-lake?ref=result-card,Banff National Park,easy,4.5,30
Cirque Lake Trail,https://www.alltrails.com/explore/trail/canada/alberta/cirque-lake-trail--2?ref=result-card,Banff National Park,moderate,5.0,9
Mount Chephren Summit,https://www.alltrails.com/explore/trail/canada/alberta/mount-chephren-summit?ref=result-card,Banff National Park,hard,3.5,2
Marmota Peak View,https://www.alltrails.com/explore/trail/canada/alberta/marmota-peak?ref=result-card,Banff National Park,hard,5.0,1
Tree Glaciers Loop,https://www.alltrails.com/explore/trail/canada/british-columbia/tree-glaciers-loop?ref=result-card,"Columbia-Shuswap A, British Columbia",moderate,0.0,0
Three Lake Loop,https://www.alltrails.com/explore/trail/canada/british-columbia/three-lake-loop?ref=result-card,"Columbia-Shuswap A, British Columbia",moderate,0.0,0
West Peyto Peak,https://www.alltrails.com/explore/trail/canada/british-columbia/west-peyto-peak?ref=result-card,"Columbia-Shuswap A, British Columbia",hard,0.0,0
Mohawk Basin Loop Trail,https://www.alltrails.com/explore/trail/canada/british-columbia/mohawk-basin-loop-trail?ref=result-card,"Columbia-Shuswap A, British Columbia",moderate,0.0,0
Bow Glacier Falls Trail,https://www.alltrails.com/explore/trail/canada/alberta/bow-glacier-falls-trail--3?ref=result-card,Banff National Park,moderate,4.5,702
Cirque Peak via Helen Lake Trail,https://www.alltrails.com/explore/trail/canada/alberta/cirque-peak-via-helen-lake-trail?ref=result-card,Banff National Park,hard,5.0,304
Helen Lake Trail,https://www.alltrails.com/explore/trail/canada/alberta/helen-lake-trail?ref=result-card,Banff National Park,moderate,4.5,300
Bow Hut Route,https://www.alltrails.com/explore/trail/canada/alberta/bow-hut-route?ref=result-card,Banff National Park,hard,5.0,68
Observation Peak,https://www.alltrails.com/explore/trail/canada/alberta/observation-peak?ref=result-card,Banff National Park,hard,4.5,72
Mount Jimmy Simpson Trail,https://www.alltrails.com/explore/trail/canada/alberta/mount-jimmy-simpson-trail?ref=result-card,Banff National Park,hard,4.5,35
Onion Peak,https://www.alltrails.com/explore/trail/canada/alberta/onion-peak?ref=result-card,Banff National Park,hard,4.5,53
Katherine Lake via Helen Lake Trail,https://www.alltrails.com/explore/trail/canada/alberta/katherine-lake-via-helen-lake-trail?ref=result-card,Banff National Park,moderate,4.5,33
Crystal Ridge Loop,https://www.alltrails.com/explore/trail/canada/alberta/crystal-ridge-loop?ref=result-card,Banff National Park,moderate,4.5,13
Iceberg Lake,https://www.alltrails.com/explore/trail/canada/alberta/iceberg-lake?ref=result-card,Banff National Park,hard,4.5,11
Bow Hut to Jimmy Junior Routes Loop,https://www.alltrails.com/explore/trail/canada/british-columbia/bow-hut-to-jimmy-junior-routes-loop?ref=result-card,Banff National Park,moderate,4.5,13
Peyto Lake Panorama Overlook [CLOSED],https://www.alltrails.com/explore/trail/canada/alberta/peyto-lake-panorama-overlook?ref=result-card,Banff National Park,easy,4.5,471
Jimmy Simpson Jr.,https://www.alltrails.com/explore/trail/canada/alberta/jimmy-simpson-jr?ref=result-card,Banff National Park,hard,4.5,11
Mount Weed Trail,https://www.alltrails.com/explore/trail/canada/alberta/mount-weed-trail?ref=result-card,Banff National Park,hard,4.0,6
Bow Summit and Peyto Lake Viewpoint [CLOSED],https://www.alltrails.com/explore/trail/canada/alberta/bow-summit-and-peyto-lake-viewpoint?ref=result-card,Banff National Park,moderate,4.5,101
Mount Gordon,https://www.alltrails.com/explore/trail/canada/alberta/mount-gordon?ref=result-card,Banff National Park,hard,5.0,1
Peyto Lake via Caldron Peak Trail [CLOSED],https://www.alltrails.com/explore/trail/canada/alberta/peyto-lake-via-caldron-peak-trail?ref=result-card,Banff National Park,moderate,4.5,50
Crowfoot Mountain North Route,https://www.alltrails.com/explore/trail/canada/alberta/crowfoot-peak--3?ref=result-card,"Lake Louise, Alberta",hard,5.0,3
Peyto Glacier Via Caldron Peak Trail [CLOSED],https://www.alltrails.com/explore/trail/canada/alberta/peyto-glacier-via-caldron-peak-trail?ref=result-card,Banff National Park,hard,4.5,18
Caldron Peak Trail [CLOSED],https://www.alltrails.com/explore/trail/canada/alberta/caldron-peak-trail?ref=result-card,Banff National Park,hard,4.5,27
Caldron Lake Trail [CLOSED],https://www.alltrails.com/explore/trail/canada/alberta/caldron-lake-trail?ref=result-card,Banff National Park,hard,4.0,6
Mistaya Canyon,https://www.alltrails.com/explore/trail/canada/alberta/mistaya-canyon?ref=result-card,Banff National Park,easy,4.5,213
Glacier Lake,https://www.alltrails.com/explore/trail/canada/alberta/glacier-lake?ref=result-card,Banff National Park,moderate,4.5,104
Thompson Creek Falls,https://www.alltrails.com/explore/trail/canada/alberta/thompson-creek-falls--3?ref=result-card,Thompson Creek Provincial Recreation Area,moderate,4.5,55
Michelle Lakes via Owen Creek,https://www.alltrails.com/explore/trail/canada/alberta/michelle-lakes-via-owen-creek?ref=result-card,Banff National Park,hard,4.5,20
Owen Creek,https://www.alltrails.com/explore/trail/canada/alberta/owen-creek--2?ref=result-card,Banff National Park,moderate,4.5,12
Sarbach Lookout,https://www.alltrails.com/explore/trail/canada/alberta/sarbach-lookout?ref=result-card,Banff National Park,hard,4.5,11
Warden Lake Trail,https://www.alltrails.com/explore/trail/canada/alberta/warden-lake-trail?ref=result-card,Banff National Park,easy,3.5,3
Great Divide Trail Section E: North Saskatchewan River Crossing to Jasper,https://www.alltrails.com/explore/trail/canada/alberta/gdt-section-e-north-saskatchewan-river-crossing-to-jasper?ref=result-card,"Improvement District No. 9, Alberta",hard,4.5,3
Mount Sarbach,https://www.alltrails.com/explore/trail/canada/alberta/mount-sarbach?ref=result-card,Banff National Park,hard,4.5,4
Southeast Lyell Glacier,https://www.alltrails.com/explore/trail/canada/alberta/southeast-lyell-glacier?ref=result-card,Banff National Park,hard,4.5,2
Mount Murchison,https://www.alltrails.com/explore/trail/canada/alberta/mt-murchison?ref=result-card,Banff National Park,hard,2.0,1
Owen Creek to Pinto Lake,https://www.alltrails.com/explore/trail/canada/alberta/owen-creek-to-pinto-lake?ref=result-card,Banff National Park,hard,5.0,2
Rampart Creek Campground Trail,https://www.alltrails.com/explore/trail/canada/alberta/rampart-creek-campground-trail?ref=result-card,"Lake Louise, Alberta",easy,4.5,4
Great Divide Trail: Glacier Lake Alternate Route,https://www.alltrails.com/explore/trail/canada/alberta/great-divide-trail-glacier-lake-alternate-route?ref=result-card,Banff National Park,hard,4.0,1
Siffleur Falls,https://www.alltrails.com/explore/trail/canada/alberta/siffleur-falls?ref=result-card,Kootenay Plains Ecological Reserve,easy,4.5,565
Tuff Puff,https://www.alltrails.com/explore/trail/canada/alberta/tuff-puff?ref=result-card,Kootenay Plains Ecological Reserve,hard,5.0,115
Kinglet Lake,https://www.alltrails.com/explore/trail/canada/alberta/kinglet-lake?ref=result-card,Kootenay Plains Ecological Reserve,hard,4.5,95
Tuff Puff Ridge and Kinglet Lake,https://www.alltrails.com/explore/trail/canada/alberta/tuff-puff-ridge-and-kinglet-lake?ref=result-card,Kootenay Plains Ecological Reserve,hard,5.0,46
Kootenay Plains Heritage Trail ,https://www.alltrails.com/explore/trail/canada/alberta/kootenay-plains-heritage-trail?ref=result-card,Kootenay Plains Ecological Reserve,easy,5.0,9
Landslide Lake,https://www.alltrails.com/explore/trail/canada/alberta/landslide-lake?ref=result-card,Landslide Lake Natural Area,hard,4.5,27
Whirlpool Point West Side Trail,https://www.alltrails.com/explore/trail/canada/alberta/whirlpool-point-west-side-trail?ref=result-card,Kootenay Plains Ecological Reserve,easy,4.5,12
Whirlpool Ridge Loop Trail,https://www.alltrails.com/explore/trail/canada/alberta/whirlpool-ridge-loop-trail?ref=result-card,Kootenay Plains Ecological Reserve,hard,4.5,12
Alexander Henry's Trail,https://www.alltrails.com/explore/trail/canada/alberta/alexander-henrys-trail--2?ref=result-card,Kootenay Plains Ecological Reserve,easy,4.5,4
Loudon Creek Trail,https://www.alltrails.com/explore/trail/canada/alberta/loudon-creek-trail?ref=result-card,"Nordegg, Alberta",easy,4.0,5
Whirlpool Point East Side Trail,https://www.alltrails.com/explore/trail/canada/alberta/whirlpool-point-east-side-trail?ref=result-card,Kootenay Plains Ecological Reserve,easy,2.0,1
Mount Peskett,https://www.alltrails.com/explore/trail/canada/alberta/mount-peskett?ref=result-card,Kootenay Plains Ecological Reserve,hard,2.0,2
Parker Ridge Trail,https://www.alltrails.com/explore/trail/canada/alberta/parker-ridge-trail?ref=result-card,Banff National Park,moderate,5,602
Wilcox Viewpoint via Wilcox Pass,https://www.alltrails.com/explore/trail/canada/alberta/wilcox-pass?ref=result-card,Jasper National Park,moderate,4.5,499
Athabasca Glacier,https://www.alltrails.com/explore/trail/canada/alberta/athabasca-glacier-toe-trail?ref=result-card,White Goat Wilderness Area,easy,4,420
Panther Falls Trail,https://www.alltrails.com/explore/trail/canada/alberta/panther-falls-trail?ref=result-card,Banff National Park,moderate,4.5,65
Mount Wilcox,https://www.alltrails.com/explore/trail/canada/alberta/mount-wilcox?ref=result-card,Jasper National Park,hard,4.5,61
Brazeau Loop,https://www.alltrails.com/explore/trail/canada/alberta/brazeau-loop?ref=result-card,Jasper National Park,hard,4.5,22
Boundary Lake,https://www.alltrails.com/explore/trail/canada/alberta/boundary-lake?ref=result-card,"Improvement District No. 12 , Alberta",easy,5,19
Nigel Pass,https://www.alltrails.com/explore/trail/canada/alberta/nigel-pass?ref=result-card,Banff National Park,moderate,4,20
Boundary Peak,https://www.alltrails.com/explore/trail/canada/alberta/boundary-peak?ref=result-card,"Improvement District No. 12 , Alberta",hard,5,12
Upper Brazeau Canyon and Cataract Pass,https://www.alltrails.com/explore/trail/canada/alberta/upper-brazeau-canyon-and-cataract-pass?ref=result-card,Banff National Park,hard,5,4
Nigel Peak,https://www.alltrails.com/explore/trail/canada/alberta/nigel-peak?ref=result-card,Jasper National Park,hard,5,5
Wilcox Pass Trail,https://www.alltrails.com/explore/trail/canada/alberta/wilcox-pass-trail?ref=result-card,Jasper National Park,hard,4.5,8
Nigel Creek to Sunwapta Station,https://www.alltrails.com/explore/trail/canada/alberta/nigel-creek-to-sunwapta-station?ref=result-card,Jasper National Park,moderate,5,1
Castleguard Mountain,https://www.alltrails.com/explore/trail/canada/alberta/castleguard-mountain?ref=result-card,Banff National Park,hard,4.5,6
Cataract and Cline Pass and Maligne Pass Route,https://www.alltrails.com/explore/trail/canada/alberta/cataract-and-cline-pass-and-maligne-pass-route?ref=result-card,Jasper National Park,moderate,3,4
Saskatchewan Glacier,https://www.alltrails.com/explore/trail/canada/alberta/saskatchewan-glacier?ref=result-card,"Lake Louise, Alberta",moderate,5,2
Mount Athabasca,https://www.alltrails.com/explore/trail/canada/alberta/mount-athabasca?ref=result-card,Jasper National Park,hard,4,2
Mount Willis,https://www.alltrails.com/explore/trail/canada/alberta/mount-willis?ref=result-card,White Goat Wilderness Area,hard,4,1
Sunset Pass to Pinto Lake,https://www.alltrails.com/explore/trail/canada/alberta/sunset-pass-to-pinto-lake?ref=result-card,Banff National Park,hard,4.5,35
Sunset Pass Trail,https://www.alltrails.com/explore/trail/canada/alberta/sunset-pass-trail--2?ref=result-card,Banff National Park,hard,4.5,21
"Lake of Falls, Landslide Lake and Pinto Lake Recreational Trail",https://www.alltrails.com/explore/trail/canada/alberta/lake-of-falls-landslide-lake-and-pinto-lake-recreational-trail?ref=result-card,Lake of the Falls Natural Area,hard,4.5,15
Sunset Lookout,https://www.alltrails.com/explore/trail/canada/alberta/sunset-lookout?ref=result-card,Banff National Park,hard,4.5,13
Vision Quest Ridge Scramble,https://www.alltrails.com/explore/trail/canada/alberta/vision-quest-ridge-scramble-trail?ref=result-card,Kiska/Willson Public Land Use Zone,hard,4.5,278
Hoodoo Creek,https://www.alltrails.com/explore/trail/canada/alberta/hoodoo-creek?ref=result-card,Job/Cline Public Land Use Zone,moderate,4,193
Lake of the Falls,https://www.alltrails.com/explore/trail/canada/alberta/lake-of-the-falls?ref=result-card,Landslide Lake Natural Area,hard,4.5,96
Coral Creek Canyon Trail,https://www.alltrails.com/explore/trail/canada/alberta/coral-creek-canyon-trail?ref=result-card,Landslide Lake Natural Area,easy,4.5,129
Windy Point Ridge,https://www.alltrails.com/explore/trail/canada/alberta/windy-point-ridge?ref=result-card,Kiska/Willson Public Land Use Zone,hard,4.5,76
Cline River Falls Trail,https://www.alltrails.com/explore/trail/canada/alberta/cline-river-falls-trail?ref=result-card,Landslide Lake Natural Area,easy,4.5,95
Whitegoat Falls,https://www.alltrails.com/explore/trail/canada/alberta/whitegoat-falls?ref=result-card,Kiska/Willson Public Land Use Zone,easy,4,116
Landslide Lake via Pinto Lake Staging Area,https://www.alltrails.com/explore/trail/canada/alberta/landslide-lake-2?ref=result-card,Landslide Lake Natural Area,hard,4.5,89
Two O'Clock Ridge,https://www.alltrails.com/explore/trail/canada/alberta/two-oclock-ridge?ref=result-card,Kootenay Plains Ecological Reserve,hard,4,67
Mount Ernest Ross Trail,https://www.alltrails.com/explore/trail/canada/alberta/mount-ernest-ross-trail--2?ref=result-card,Kootenay Plains Ecological Reserve,hard,4.5,43
Coral Creek Canyon Trail to Cline River Trail Loop,https://www.alltrails.com/explore/trail/canada/alberta/coral-creek-canyon-trail-to-cline-river-trail-loop?ref=result-card,"Nordegg, Alberta",moderate,4.5,20
Littlehorn Meadows,https://www.alltrails.com/explore/trail/canada/alberta/littlehorn-meadows--2?ref=result-card,Job/Cline Public Land Use Zone,hard,4.5,11
Paulaâ€™s Ridge ,https://www.alltrails.com/explore/trail/canada/alberta/paulas-ridge?ref=result-card,Job/Cline Public Land Use Zone,easy,5,2
Flag Hill,https://www.alltrails.com/explore/trail/canada/alberta/flag-hill?ref=result-card,Kootenay Plains Ecological Reserve,easy,4.5,3
Pinto Lake,https://www.alltrails.com/explore/trail/canada/alberta/pinto-lake?ref=result-card,Job/Cline Public Land Use Zone,moderate,5,1
Cline Lookout,https://www.alltrails.com/explore/trail/canada/alberta/cline-lookout?ref=result-card,Upper Clearwater/Ram Public Land Use Zone,moderate,5,1
Landslide Lake Scramble,https://www.alltrails.com/explore/trail/canada/alberta/landslide-lake-scramble?ref=result-card,"Improvement District No. 9, Alberta",hard,5,1
Maligne Pass,https://www.alltrails.com/explore/trail/canada/alberta/maligne-pass?ref=result-card,Jasper National Park,moderate,4,4
Brazeau Lake via Poboktan Pass,https://www.alltrails.com/explore/trail/canada/alberta/poboktan?ref=result-card,Jasper National Park,hard,3.5,4
Beauty Creek to Stanley Falls,https://www.alltrails.com/explore/trail/canada/alberta/beauty-creek-to-stanley-falls?ref=result-card,Jasper National Park,easy,4.5,164
Wilcox Pass Trail to Tangle Peak Trail,https://www.alltrails.com/explore/trail/canada/alberta/tangle-peak-trail?ref=result-card,Jasper National Park,hard,4.5,36
Sunwapta Peak,https://www.alltrails.com/explore/trail/canada/alberta/sunwapta-peak?ref=result-card,Jasper National Park,hard,4.5,7
Jonas Pass,https://www.alltrails.com/explore/trail/canada/alberta/jonas-pass?ref=result-card,Jasper National Park,hard,4.5,7
Brazeau Lake,https://www.alltrails.com/explore/trail/canada/alberta/brazeau-lake?ref=result-card,Jasper National Park,easy,4.5,2
Allstones Lake Trail,https://www.alltrails.com/explore/trail/canada/alberta/allstones-lake-trail--5?ref=result-card,Kootenay Plains Ecological Reserve,moderate,4.5,470
Crescent Falls & Bighorn Canyon,https://www.alltrails.com/explore/trail/canada/alberta/crescent-falls-bighorn-canyon?ref=result-card,Crescent Falls Provincial Recreation Area,easy,4.5,242
Crescent Falls,https://www.alltrails.com/explore/trail/canada/alberta/crescent-falls?ref=result-card,Crescent Falls Provincial Recreation Area,easy,4.5,115
Tershishner Falls,https://www.alltrails.com/explore/trail/canada/alberta/tershishner-falls?ref=result-card,Kiska/Willson Public Land Use Zone,moderate,4,94
Allstones Creek Trail,https://www.alltrails.com/explore/trail/canada/alberta/allstones-creek-trail?ref=result-card,Kootenay Plains Ecological Reserve,moderate,4.5,16
Bighorn Dam East OHV Trail,https://www.alltrails.com/explore/trail/canada/alberta/bighorn-dam-east-trails?ref=result-card,Kiska/Willson Public Land Use Zone,moderate,5,1
Bighorn Meadows Trail,https://www.alltrails.com/explore/trail/canada/alberta/bighorn-meadows-trail?ref=result-card,"Nordegg, Alberta",moderate,3,1
Fryatt Valley Trail,https://www.alltrails.com/explore/trail/canada/alberta/fryatt-valley-trail--2?ref=result-card,Jasper National Park,hard,4.5,55
Geraldine Lakes Trail: First Lake ,https://www.alltrails.com/explore/trail/canada/alberta/geraldine-lakes-trail-first-lake?ref=result-card,Jasper National Park,moderate,4,57
Geraldine Lakes Trail: Second Lake,https://www.alltrails.com/explore/trail/canada/alberta/geraldine-lakes-trail-second-lake?ref=result-card,Jasper National Park,hard,4,42
Geraldine Lookout,https://www.alltrails.com/explore/trail/canada/alberta/geraldine-lookout?ref=result-card,Jasper National Park,moderate,4,3
HI Athabasca Falls Wilderness Hostel Trail,https://www.alltrails.com/explore/trail/canada/alberta/hi-athabasca-falls-wilderness-hostel-trail?ref=result-card,Jasper National Park,easy,4,3
Goat Lick Viewpoint,https://www.alltrails.com/explore/trail/canada/alberta/goat-lick-viewpoint?ref=result-card,Jasper National Park,easy,4.5,2
Sunwapta Falls,https://www.alltrails.com/explore/trail/canada/alberta/sunwapta-falls?ref=result-card,Jasper National Park,easy,4,286
Sunwapta River to Fortress Lake,https://www.alltrails.com/explore/trail/canada/alberta/sunwapta-river-to-fortress-lake?ref=result-card,Jasper National Park,moderate,4,27
Spirit Island Lookout,https://www.alltrails.com/explore/trail/canada/alberta/spirit-island-lookout?ref=result-card,Jasper National Park,easy,4.5,8
